#,Asset Type,Product,ASSET TAG,Receiving date,Keyboard,SERIAL NUMBER,PO,MODEL,ERASED,CUSTOMER,CONDITION,DIAG,HARDWARE TYPE,CPU TYPE,CPU CORES,GPU CORES,MEMORY,HARDDRIVE,STATUS,CHARGER,INCLUDED,INVENTORY,country
4,APPLE,MacBook Pro 14 Apple,4,25/07/2024,EN,SC4QHX9P6PM,,A2442,COMPLETED,Wise,NEW,ADP000,MacBook Pro 14 Apple M3 Pro 11-Core CPU 14-Core GPU 36GB RAM 512GB SSD,M3 Pro,11,14,36,512,,INCLUDED,,SHIPPED,Singapore
4,APPLE,MacBook Pro 14  Apple,4,25-Jul-24,EN,SC4QHX9P6PM,,A2442,COMPLETED,Wise,NEW,ADP000,MacBook Pro 14  Apple M3 Pro 11-Core CPU 14-Core GPU 36GB RAM 512GB SSD,M3 Pro,11,14,36,512,,INCLUDED,,SHIPPED,Singapore
10,APPLE,MacBook Pro 14  Apple,10,25-Jul-24,EN,SF47N2NK923,,A2442,COMPLETED,Wise,NEW,ADP000,MacBook Pro 14  Apple M3 Pro 11-Core CPU 14-Core GPU 36GB RAM 512GB SSD,M3 Pro,11,14,36,512,,INCLUDED,,SHIPPED,Singapore
12,APPLE,MacBook Air 13  Apple,12,25-Jul-24,EN,SD2RJ6GXDYT,,A2337,COMPLETED,Wise,NEW,ADP000,MacBook Air 13  Apple M2 8-Core CPU 8-Core GPU 8GB RAM 256GB SSD,M2,8,8,8,256,,INCLUDED,,SHIPPED,Singapore
13,APPLE,MacBook Air 13  Apple,13,25-Jul-24,EN,SJT6TQY4920,,A2337,COMPLETED,Wise,NEW,ADP000,MacBook Air 13  Apple M2 8-Core CPU 8-Core GPU 8GB RAM 256GB SSD,M2,8,8,8,256,,INCLUDED,,SHIPPED,Singapore
15,APPLE,MacBook Air 13  Apple,15,25-Jul-24,EN,SC34WPL933J,,A2337,COMPLETED,Wise,NEW,ADP000,MacBook Air 13  Apple M2 8-Core CPU 8-Core GPU 8GB RAM 256GB SSD,M2,8,8,8,256,,INCLUDED,,SHIPPED,Singapore
16,APPLE,MacBook Air 13  Apple,16,25-Jul-24,EN,SMT7Y9NG7JV,,A2337,COMPLETED,Wise,NEW,ADP000,MacBook Air 13  Apple M2 8-Core CPU 8-Core GPU 8GB RAM 256GB SSD,M2,8,8,8,256,,INCLUDED,,SHIPPED,Singapore
17,APPLE,MacBook Air 13  Apple,17,25-Jul-24,EN,SL0341NQLFX,,A2337,COMPLETED,Wise,NEW,ADP000,MacBook Air 13  Apple M2 8-Core CPU 8-Core GPU 8GB RAM 256GB SSD,M2,8,8,8,256,,INCLUDED,,SHIPPED,Singapore
18,APPLE,MacBook Air 13  Apple,18,25-Jul-24,EN,SGLWMVF3C4P,,A2337,COMPLETED,Wise,NEW,ADP000,MacBook Air 13  Apple M2 8-Core CPU 8-Core GPU 8GB RAM 256GB SSD,M2,8,8,8,256,,INCLUDED,,SHIPPED,Singapore
20,APPLE,MacBook Air 13  Apple,F2.20,25-Jul-24,EN,SK625W7PV2L,,A2337,COMPLETED,Wise,NEW,ADP000,MacBook Air 13  Apple M2 8-Core CPU 8-Core GPU 8GB RAM 256GB SSD,M2,8,8,8,256,,INCLUDED,,SHIPPED,Singapore
21,APPLE,MacBook Air 13  Apple,21,25-Jul-24,EN,SJ63YHW1232,,A2337,COMPLETED,Wise,NEW,ADP000,MacBook Air 13  Apple M2 8-Core CPU 8-Core GPU 8GB RAM 256GB SSD,M2,8,8,8,256,,INCLUDED,,SHIPPED,Singapore
24,APPLE,MacBook Air 13  Apple,24,25-Jul-24,EN,SM232CYH6HK,,A2337,COMPLETED,Wise,NEW,ADP000,MacBook Air 13  Apple M2 8-Core CPU 8-Core GPU 8GB RAM 256GB SSD,M2,8,8,8,256,,INCLUDED,,SHIPPED,Singapore
25,APPLE,MacBook Air 13  Apple,25,25-Jul-24,EN,SM7G6774VM2,,A2337,COMPLETED,Wise,NEW,ADP000,MacBook Air 13  Apple M2 8-Core CPU 8-Core GPU 8GB RAM 256GB SSD,M2,8,8,8,256,,INCLUDED,,SHIPPED,Singapore
26,APPLE,MacBook Air 13  Apple,26,25-Jul-24,EN,SLYKN4DR4LV,,A2337,COMPLETED,Wise,NEW,ADP000,MacBook Air 13  Apple M2 8-Core CPU 8-Core GPU 8GB RAM 256GB SSD,M2,8,8,8,256,,INCLUDED,,SHIPPED,Singapore
27,APPLE,MacBook Air 13  Apple,27,25-Jul-24,EN,SK1FMQMT493,,A2337,COMPLETED,Wise,NEW,ADP000,MacBook Air 13  Apple M2 8-Core CPU 8-Core GPU 8GB RAM 256GB SSD,M2,8,8,8,256,,INCLUDED,,SHIPPED,Singapore
28,APPLE,MacBook Air 13  Apple,28,25-Jul-24,EN,SDQ367VDWW9,,A2337,COMPLETED,Wise,NEW,ADP000,MacBook Air 13  Apple M2 8-Core CPU 8-Core GPU 8GB RAM 256GB SSD,M2,8,8,8,256,,INCLUDED,,SHIPPED,Singapore
29,APPLE,MacBook Air 13  Apple,29,25-Jul-24,EN,SMQ07VND6WW,,A2337,COMPLETED,Wise,NEW,ADP000,MacBook Air 13  Apple M2 8-Core CPU 8-Core GPU 8GB RAM 256GB SSD,M2,8,8,8,256,,INCLUDED,,SHIPPED,Singapore
30,APPLE,MacBook Air 13  Apple,30,25-Jul-24,EN,SCV2N9FHT47,,A2337,COMPLETED,Wise,NEW,ADP000,MacBook Air 13  Apple M2 8-Core CPU 8-Core GPU 8GB RAM 256GB SSD,M2,8,8,8,256,,INCLUDED,,SHIPPED,Singapore
32,APPLE,MacBook Air 13  Apple,32,25-Jul-24,EN,SFPM74T19Q1,,A2337,COMPLETED,Wise,NEW,ADP000,MacBook Air 13  Apple M2 8-Core CPU 8-Core GPU 8GB RAM 256GB SSD,M2,8,8,8,256,,INCLUDED,,SHIPPED,Singapore
33,APPLE,MacBook Air 13  Apple,33,25-Jul-24,EN,SHF25T7QC0H,,A2337,COMPLETED,Wise,NEW,ADP000,MacBook Air 13  Apple M2 8-Core CPU 8-Core GPU 8GB RAM 256GB SSD,M2,8,8,8,256,,INCLUDED,,SHIPPED,Singapore
34,APPLE,MacBook Air 13  Apple,34,25-Jul-24,EN,SG7LCF1WMLY,,A2337,COMPLETED,Wise,NEW,ADP000,MacBook Air 13  Apple M2 8-Core CPU 8-Core GPU 8GB RAM 256GB SSD,M2,8,8,8,256,,INCLUDED,,SHIPPED,Singapore
40,APPLE,MacBook Air 13  Apple,40,25-Jul-24,EN,SJ2KH72Q3KD,,A2337,COMPLETED,Wise,NEW,ADP000,MacBook Air 13  Apple M2 8-Core CPU 8-Core GPU 8GB RAM 256GB SSD,M2,8,8,8,256,,INCLUDED,,SHIPPED,Singapore
41,APPLE,MacBook Air 13  Apple,41,25-Jul-24,EN,SLQR4TH5KFQ,,A2337,COMPLETED,Wise,NEW,ADP000,MacBook Air 13  Apple M2 8-Core CPU 8-Core GPU 8GB RAM 256GB SSD,M2,8,8,8,256,,INCLUDED,,SHIPPED,Singapore
43,APPLE,MacBook Air 13  Apple,43,25-Jul-24,EN,SGWC7F2TG6N,,A2337,COMPLETED,Wise,NEW,ADP000,MacBook Air 13  Apple M2 8-Core CPU 8-Core GPU 8GB RAM 256GB SSD,M2,8,8,8,256,,INCLUDED,,SHIPPED,Singapore
45,APPLE,MacBook Air 13  Apple,45,25-Jul-24,EN,SDCJWVCVQJD,,A2337,COMPLETED,Wise,NEW,ADP000,MacBook Air 13  Apple M2 8-Core CPU 8-Core GPU 8GB RAM 256GB SSD,M2,8,8,8,256,,INCLUDED,,SHIPPED,Singapore
46,APPLE,MacBook Air 13  Apple,46, ,EN,SK3PP7CHY66,,A2337,COMPLETED,Wise,NEW,ADP000,MacBook Air 13  Apple M2 8-Core CPU 8-Core GPU 8GB RAM 256GB SSD,M2,8,8,8,256,,INCLUDED,,SHIPPED,Singapore
47,APPLE,MacBook Air 13  Apple,47,25-Jul-24,EN,SJK7KK6JQKP,,A2337,COMPLETED,Wise,NEW,ADP000,MacBook Air 13  Apple M2 8-Core CPU 8-Core GPU 8GB RAM 256GB SSD,M2,8,8,8,256,,INCLUDED,,SHIPPED,Singapore
48,APPLE,MacBook Air 13  Apple,48,25-Jul-24,EN,SKNWGT9LJDF,,A2337,COMPLETED,Wise,NEW,ADP000,MacBook Air 13  Apple M2 8-Core CPU 8-Core GPU 8GB RAM 256GB SSD,M2,8,8,8,256,,INCLUDED,,SHIPPED,Singapore
49,APPLE,MacBook Air 13  Apple,49,25-Jul-24,EN,SL6XTHPKT4C,,A2337,COMPLETED,Wise,NEW,ADP000,MacBook Air 13  Apple M2 8-Core CPU 8-Core GPU 8GB RAM 256GB SSD,M2,8,8,8,256,,INCLUDED,,SHIPPED,Singapore
50,APPLE,MacBook Air 13  Apple,50,25-Jul-24,EN,SDH27CN6G6H,,A2337,COMPLETED,Wise,NEW,ADP000,MacBook Air 13  Apple M2 8-Core CPU 8-Core GPU 8GB RAM 256GB SSD,M2,8,8,8,256,,INCLUDED,,SHIPPED,Singapore
51,APPLE,MacBook Air 13  Apple,51,25-Jul-24,EN,SHQJHPV2XNN,,A2337,COMPLETED,Wise,NEW,ADP000,MacBook Air 13  Apple M2 8-Core CPU 8-Core GPU 8GB RAM 256GB SSD,M2,8,8,8,256,,INCLUDED,,SHIPPED,Singapore
52,APPLE,MacBook Air 13  Apple,52,25-Jul-24,EN,SC9TCG2Q1JP,,A2337,COMPLETED,Wise,NEW,ADP000,MacBook Air 13  Apple M2 8-Core CPU 8-Core GPU 8GB RAM 256GB SSD,M2,8,8,8,256,,INCLUDED,,SHIPPED,Singapore
53,APPLE,MacBook Air 13  Apple,53,25-Jul-24,EN,SKJTPWM4C9P,,A2337,COMPLETED,Wise,NEW,ADP000,MacBook Air 13  Apple M2 8-Core CPU 8-Core GPU 8GB RAM 256GB SSD,M2,8,8,8,256,,INCLUDED,,SHIPPED,Singapore
54,APPLE,MacBook Air 13  Apple,54,25-Jul-24,EN,SK7TD9K1GKL,,A2337,COMPLETED,Wise,NEW,ADP000,MacBook Air 13  Apple M2 8-Core CPU 8-Core GPU 8GB RAM 256GB SSD,M2,8,8,8,256,,INCLUDED,,SHIPPED,Singapore
55,APPLE,MacBook Air 13  Apple,55,25-Jul-24,EN,SGG9X5WGJHN,,A2337,COMPLETED,Wise,NEW,ADP000,MacBook Air 13  Apple M2 8-Core CPU 8-Core GPU 8GB RAM 256GB SSD,M2,8,8,8,256,,INCLUDED,,SHIPPED,Singapore
56,APPLE,MacBook Air 13  Apple,56,25-Jul-24,EN,SKW0C4G4HGY,,A2337,COMPLETED,Wise,NEW,ADP000,MacBook Air 13  Apple M2 8-Core CPU 8-Core GPU 8GB RAM 256GB SSD,M2,8,8,8,256,,INCLUDED,,SHIPPED,Singapore
57,APPLE,MacBook Air 13  Apple,57,25-Jul-24,EN,SJ6DKFCNKF6,,A2681,COMPLETED,Wise,NEW,ADP000,MacBook Air 13  Apple M2 8-Core CPU 8-Core GPU 8GB RAM 256GB SSD,M2,8,8,8,256,,INCLUDED,,SHIPPED,Singapore
59,APPLE,MacBook Air 13  Apple,59,25-Jul-24,EN,SJ2M4R9T2HQ,,A2337,COMPLETED,Wise,NEW,ADP000,MacBook Air 13  Apple M2 8-Core CPU 8-Core GPU 8GB RAM 256GB SSD,M2,8,8,8,256,,INCLUDED,,SHIPPED,Singapore
61,APPLE,MacBook Air 13  Apple,61,25-Jul-24,EN,SM5PH4F2FHF,,A2337,COMPLETED,Wise,NEW,ADP000,MacBook Air 13  Apple M2 8-Core CPU 8-Core GPU 8GB RAM 256GB SSD,M2,8,8,8,256,,INCLUDED,,SHIPPED,Singapore
63,APPLE,MacBook Pro 14  Apple,63,11-Apr-24,EN,SDDWPDHF62W,,A2992,COMPLETED,Uipath,NEW,ADP000,MacBook Pro 14  Apple M3 Pro 11-Core CPU 14-Core GPU 18GB RAM 512GB SSD,M3 Pro,11,14,18,512,,INCLUDED,,SHIPPED,Singapore
67,APPLE,MacBook Air 13  Apple,67,25-Jul-24,EN,SLXQLGCXVY9,,A2337,COMPLETED,Wise,NEW,ADP000,MacBook Air 13  Apple M2 8-Core CPU 8-Core GPU 8GB RAM 256GB SSD,M2,8,8,8,256,,INCLUDED,,SHIPPED,Singapore
69,APPLE,MacBook Air 13  Apple,69,25-Jul-24,EN,SFNW1CP2XJ0,,A2337,COMPLETED,Wise,NEW,ADP000,MacBook Air 13  Apple M2 8-Core CPU 8-Core GPU 8GB RAM 256GB SSD,M2,8,8,8,256,,INCLUDED,,SHIPPED,Singapore
70,APPLE,MacBook Air 13  Apple,70,25-Jul-24,EN,SGK60L2DFVJ,,A2337,COMPLETED,Wise,NEW,ADP000,MacBook Air 13  Apple M2 8-Core CPU 8-Core GPU 8GB RAM 256GB SSD,M2,8,8,8,256,,INCLUDED,,SHIPPED,Singapore
72,APPLE,MacBook Air 13  Apple,72,25-Jul-24,EN,SMGQ1GL4THR,,A2337,COMPLETED,Wise,NEW,ADP000,MacBook Air 13  Apple M2 8-Core CPU 8-Core GPU 8GB RAM 256GB SSD,M2,8,8,8,256,,INCLUDED,,SHIPPED,Singapore
73,APPLE,MacBook Air 13  Apple,73,25-Jul-24,EN,SH451652XW4,,A2337,COMPLETED,Wise,NEW,ADP000,MacBook Air 13  Apple M2 8-Core CPU 8-Core GPU 8GB RAM 256GB SSD,M2,8,8,8,256,,INCLUDED,,SHIPPED,Singapore
74,APPLE,MacBook Air 13  Apple,74,25-Jul-24,EN,SL6GVV6X2VM,,A2337,COMPLETED,Wise,NEW,ADP000,MacBook Air 13  Apple M2 8-Core CPU 8-Core GPU 8GB RAM 256GB SSD,M2,8,8,8,256,,INCLUDED,,SHIPPED,Singapore
75,APPLE,MacBook Air 13  Apple,75,21-Feb-24,EN,SC2YHTGC4MM,,A2681,COMPLETED,Sprout Social,NEW,ADP000,MacBook Air 13  Apple M2 8-Core CPU 10-Core GPU 16GB RAM 256GB SSD,M2,8,10,16,256,,INCLUDED,,SHIPPED,Singapore
76,APPLE,MacBook Air 13  Apple,76,21-Feb-24,EN,SJ2DWQ3X0D4,,A2681,COMPLETED,Wise,NEW,ADP000,MacBook Air 13  Apple M2 8-Core CPU 8-Core GPU 8GB RAM 256GB SSD,M2,8,8,8,256,,INCLUDED,,SHIPPED,Singapore
77,APPLE,MacBook Air 13  Apple,77,21-Feb-24,EN,SH2Y7X5146G,,A2681,COMPLETED,Wise,NEW,ADP000,MacBook Air 13  Apple M2 8-Core CPU 8-Core GPU 8GB RAM 256GB SSD,M2,8,8,8,256,,INCLUDED,,SHIPPED,Singapore
78,APPLE,MacBook Pro 16  Apple,78,25-Jul-24,EN,SG75Y6KGQT4,,A2991,COMPLETED,Wise,NEW,ADP000,MacBook Pro 16  Apple M3 Pro 12-Core CPU 18-Core GPU 36GB RAM 512GB SSD,M3 Pro,12,18,36,512,,INCLUDED,,SHIPPED,Singapore
80,APPLE,MacBook Pro 16  Apple,80,25-Jul-24,EN,SDQ2Y400F03,,A2991,COMPLETED,Wise,NEW,ADP000,MacBook Pro 16  Apple M3 Pro 12-Core CPU 18-Core GPU 36GB RAM 512GB SSD,M3 Pro,12,18,36,512,,INCLUDED,,SHIPPED,Singapore
81,APPLE,MacBook Pro 16  Apple,81,25-Jul-24,EN,SMW2QK0GQ9M,,A2991,COMPLETED,Wise,NEW,ADP000,MacBook Pro 16  Apple M3 Pro 12-Core CPU 18-Core GPU 36GB RAM 512GB SSD,M3 Pro,12,18,36,512,,INCLUDED,,SHIPPED,Singapore
82,APPLE,MacBook Pro 16  Apple,82,25-Jul-24,EN,SD5VV0RXV73,,A2991,COMPLETED,Wise,NEW,ADP000,MacBook Pro 16  Apple M3 Pro 12-Core CPU 18-Core GPU 36GB RAM 512GB SSD,M3 Pro,12,18,36,512,,INCLUDED,,SHIPPED,Singapore
83,APPLE,MacBook Pro 16  Apple,83,25-Jul-24,EN,SM4Y6V9F22H,,A2991,COMPLETED,Wise,NEW,ADP000,MacBook Pro 16  Apple M3 Pro 12-Core CPU 18-Core GPU 36GB RAM 512GB SSD,M3 Pro,12,18,36,512,,INCLUDED,,SHIPPED,Singapore
84,APPLE,MacBook Pro 16  Apple,84,25-Jul-24,EN,SJ0K7HYY07G,,A2991,COMPLETED,Wise,NEW,ADP000,MacBook Pro 16  Apple M3 Pro 12-Core CPU 18-Core GPU 36GB RAM 512GB SSD,M3 Pro,12,18,36,512,,INCLUDED,,SHIPPED,Singapore
85,APPLE,MacBook Pro 16  Apple,85,25-Jul-24,EN,SKJ92JQXWL3,,A2991,COMPLETED,Wise,NEW,ADP000,MacBook Pro 16  Apple M3 Pro 12-Core CPU 18-Core GPU 36GB RAM 512GB SSD,M3 Pro,12,18,36,512,,INCLUDED,,SHIPPED,Singapore
86,APPLE,MacBook Pro 16  Apple,86,25-Jul-24,EN,SJWGX9PXQ5M,,A2991,COMPLETED,Wise,NEW,ADP000,MacBook Pro 16  Apple M3 Pro 12-Core CPU 18-Core GPU 36GB RAM 512GB SSD,M3 Pro,12,18,36,512,,INCLUDED,,SHIPPED,Singapore
87,APPLE,MacBook Pro 16  Apple,87,25-Jul-24,EN,SD9XXG45J6N,,A2991,COMPLETED,Wise,NEW,ADP000,MacBook Pro 16  Apple M3 Pro 12-Core CPU 18-Core GPU 36GB RAM 512GB SSD,M3 Pro,12,18,36,512,,INCLUDED,,SHIPPED,Singapore
99,APPLE,MacBook Pro 14  Apple,99,27-Mar-24,EN,SHKF733JGVJ,,A2992,COMPLETED,Abnormal Security,NEW,ADP000,MacBook Pro 14  Apple M3 PRO 11-Core CPU 14-Core GPU 18GB RAM 512GB SSD,M3 PRO,11,14,18,512,,INCLUDED,,SHIPPED,Singapore
109,APPLE,MacBook Pro 14  Apple,109,11-Apr-24,EN,SD65C9N9NJ3,,A2442,COMPLETED,Uipath,NEW,ADP000,MacBook Pro 14  Apple M3 Pro 11-Core CPU 14-Core GPU 16GB RAM 512GB SSD,M3 Pro,11,14,16,512,,INCLUDED,,SHIPPED,Singapore
110,APPLE,MacBook Pro 14  Apple,110,11-Apr-24,EN,SJH9LD43GQ6,,A2442,COMPLETED,Uipath,NEW,ADP000,MacBook Pro 14  Apple M3 Pro 11-Core CPU 14-Core GPU 16GB RAM 512GB SSD,M3 Pro,11,14,16,512,,INCLUDED,,SHIPPED,Singapore
111,APPLE,MacBook Pro 14  Apple,111,11-Apr-24,EN,SK39VDYJTX7,,A2442,COMPLETED,Uipath,NEW,ADP000,MacBook Pro 14  Apple M3 Pro 11-Core CPU 14-Core GPU 16GB RAM 512GB SSD,M3 Pro,11,14,16,512,,INCLUDED,,SHIPPED,Singapore
112,APPLE,MacBook Air 13  Apple,112,,EN,SFVFKL4DJ1WFV,,A2337,COMPLETED,Firstbase,NEW,ADP000,MacBook Air 13  Apple M1 8-Core CPU 8-Core GPU 8GB RAM 256GB SSD,M1,8,8,8,256,,INCLUDED,,SHIPPED,Singapore
113,APPLE,MacBook Air 13  Apple,113,25-Jul-24,EN,SMF965WP2GM,,A2337,COMPLETED,Wise,NEW,ADP000,MacBook Air 13  Apple M2 8-Core CPU 8-Core GPU 8GB RAM 256GB SSD,M2,8,8,8,256,,INCLUDED,,SHIPPED,Singapore
115,APPLE,MacBook Air 13  Apple,115,25-Jul-24,EN,SD7RLHXG3DR,,A2337,COMPLETED,Wise,NEW,ADP000,MacBook Air 13  Apple M2 8-Core CPU 8-Core GPU 8GB RAM 256GB SSD,M2,8,8,8,256,,INCLUDED,,SHIPPED,Singapore
116,APPLE,MacBook Air 13  Apple,116,25-Jul-24,EN,SKL9CYQ5XVV,,A2337,COMPLETED,Wise,NEW,ADP000,MacBook Air 13  Apple M2 8-Core CPU 8-Core GPU 8GB RAM 256GB SSD,M2,8,8,8,256,,INCLUDED,,SHIPPED,Singapore
117,APPLE,MacBook Air 13  Apple,117,25-Jul-24,EN,SKC9C29LTDK,,A2337,COMPLETED,Wise,NEW,ADP000,MacBook Air 13  Apple M2 8-Core CPU 8-Core GPU 8GB RAM 256GB SSD,M2,8,8,8,256,,INCLUDED,,SHIPPED,Singapore
118,APPLE,MacBook Air 13  Apple,118,25-Jul-24,EN,SMXF5M7LR3Q,,A2337,COMPLETED,Wise,NEW,ADP000,MacBook Air 13  Apple M2 8-Core CPU 8-Core GPU 8GB RAM 256GB SSD,M2,8,8,8,256,,INCLUDED,,SHIPPED,Singapore
119,APPLE,MacBook Air 13  Apple,119,25-Jul-24,EN,SG0P4HMVC33,,A2337,COMPLETED,Wise,NEW,ADP000,MacBook Air 13  Apple M2 8-Core CPU 8-Core GPU 8GB RAM 256GB SSD,M2,8,8,8,256,,INCLUDED,,SHIPPED,Singapore
120,APPLE,MacBook Air 13  Apple,120,25-Jul-24,EN,SKNY2G32KNH,,A2337,COMPLETED,Wise,NEW,ADP000,MacBook Air 13  Apple M2 8-Core CPU 8-Core GPU 8GB RAM 256GB SSD,M2,8,8,8,256,,INCLUDED,,SHIPPED,Singapore
121,APPLE,MacBook Air 13  Apple,121,25-Jul-24,EN,SJWN2GLQHX2,,A2337,COMPLETED,Wise,NEW,ADP000,MacBook Air 13  Apple M2 8-Core CPU 8-Core GPU 8GB RAM 256GB SSD,M2,8,8,8,256,,INCLUDED,,SHIPPED,Singapore
158,PC,ThinkPad X1 Carbon Gen 9 ,158,08-Apr-24,EN,PF3T84LY,,X1 CARBON GEN 9,COMPLETED,Uipath,NEW,ADP000,ThinkPad X1 Carbon Gen 9  i7-1165G7   -Core CPU  -Core GPU 16GB RAM 512GB SSD,i7-1165G7 , , ,16,512,,INCLUDED,,SHIPPED,Singapore
164,PC,ThinkPad T14 14  Gen 5,164,25-Jul-24,EN,PF50JVQ6,,ThinkPad T14,COMPLETED,Wise,NEW,ADP000,ThinkPad T14 14  Gen 5 i5  -Core CPU  -Core GPU 16GB RAM 256GB SSD,i5, , ,16,256,,INCLUDED,,SHIPPED,Singapore
165,PC,ThinkPad T14 14  Gen 5,165,25-Jul-24,EN,PF50JVNY,,ThinkPad T14,COMPLETED,Wise,NEW,ADP000,ThinkPad T14 14  Gen 5 i5  -Core CPU  -Core GPU 16GB RAM 256GB SSD,i5, , ,16,256,,INCLUDED,,SHIPPED,Singapore
166,PC,ThinkPad T14 14  Gen 5,166,25-Jul-24,EN,PF50JXZN,,ThinkPad T14,COMPLETED,Wise,NEW,ADP000,ThinkPad T14 14  Gen 5 i5  -Core CPU  -Core GPU 16GB RAM 256GB SSD,i5, , ,16,256,,INCLUDED,,SHIPPED,Singapore
167,PC,ThinkPad T14 14  Gen 5,167,25-Jul-24,EN,PF50JVRT,,ThinkPad T14,COMPLETED,Wise,NEW,ADP000,ThinkPad T14 14  Gen 5 i5  -Core CPU  -Core GPU 16GB RAM 256GB SSD,i5, , ,16,256,,INCLUDED,,SHIPPED,Singapore
168,PC,ThinkPad T14 14  Gen 5,168,25-Jul-24,EN,PF50JY07,,ThinkPad T14,COMPLETED,Wise,NEW,ADP000,ThinkPad T14 14  Gen 5 i5  -Core CPU  -Core GPU 16GB RAM 256GB SSD,i5, , ,16,256,,INCLUDED,,SHIPPED,Singapore
170,PC,ThinkPad T14 14  Gen 5,170,25-Jul-24,EN,PF50JXYK,,ThinkPad T14,COMPLETED,Wise,NEW,ADP000,ThinkPad T14 14  Gen 5 i5  -Core CPU  -Core GPU 16GB RAM 256GB SSD,i5, , ,16,256,,INCLUDED,,SHIPPED,Singapore
171,PC,ThinkPad T14 14  Gen 5,171,25-Jul-24,EN,PF50JVPQ,,ThinkPad T14,COMPLETED,Wise,NEW,ADP000,ThinkPad T14 14  Gen 5 i5  -Core CPU  -Core GPU 16GB RAM 256GB SSD,i5, , ,16,256,,INCLUDED,,SHIPPED,Singapore
173,PC,ThinkPad T14 14  Gen 5,173,25-Jul-24,EN,PF50JVNK,,ThinkPad T14,COMPLETED,Wise,NEW,ADP000,ThinkPad T14 14  Gen 5 i5  -Core CPU  -Core GPU 16GB RAM 256GB SSD,i5, , ,16,256,,INCLUDED,,SHIPPED,Singapore
175,PC,ThinkPad T14 14  Gen 5,175,25-Jul-24,EN,PF50JVS5,,ThinkPad T14,COMPLETED,Wise,NEW,ADP000,ThinkPad T14 14  Gen 5 i5  -Core CPU  -Core GPU 16GB RAM 256GB SSD,i5, , ,16,256,,INCLUDED,,SHIPPED,Singapore
176,PC,ThinkPad T14 14  Gen 5,176,25-Jul-24,EN,PF50JVPB,,ThinkPad T14,COMPLETED,Wise,NEW,ADP000,ThinkPad T14 14  Gen 5 i5  -Core CPU  -Core GPU 16GB RAM 256GB SSD,i5, , ,16,256,,INCLUDED,,SHIPPED,Singapore
177,PC,ThinkPad T14 14  Gen 5,177,25-Jul-24,EN,PF50JXZ9,,ThinkPad T14,COMPLETED,Wise,NEW,ADP000,ThinkPad T14 14  Gen 5 i5  -Core CPU  -Core GPU 16GB RAM 256GB SSD,i5, , ,16,256,,INCLUDED,,SHIPPED,Singapore
178,PC,ThinkPad T14 14  Gen 5,178,25-Jul-24,EN,PF50JSJ8,,ThinkPad T14,COMPLETED,Wise,NEW,ADP000,ThinkPad T14 14  Gen 5 i5  -Core CPU  -Core GPU 16GB RAM 256GB SSD,i5, , ,16,256,,INCLUDED,,SHIPPED,Singapore
179,PC,ThinkPad T14 14  Gen 5,179,25-Jul-24,EN,PF50JVR1,,ThinkPad T14,COMPLETED,Wise,NEW,ADP000,ThinkPad T14 14  Gen 5 i5  -Core CPU  -Core GPU 16GB RAM 256GB SSD,i5, , ,16,256,,INCLUDED,,SHIPPED,Singapore
180,PC,ThinkPad T14 14  Gen 5,180,25-Jul-24,EN,PF50JXYZ,,ThinkPad T14,COMPLETED,Wise,NEW,ADP000,ThinkPad T14 14  Gen 5 i5  -Core CPU  -Core GPU 16GB RAM 256GB SSD,i5, , ,16,256,,INCLUDED,,SHIPPED,Singapore
181,PC,ThinkPad T14 14  Gen 5,181,25-Jul-24,EN,PF50JSHW,,ThinkPad T14,COMPLETED,Wise,NEW,ADP000,ThinkPad T14 14  Gen 5 i5  -Core CPU  -Core GPU 16GB RAM 256GB SSD,i5, , ,16,256,,INCLUDED,,SHIPPED,Singapore
182,PC,ThinkPad T14 14  Gen 5,182,25-Jul-24,EN,PF50JXY5,,ThinkPad T14,COMPLETED,Wise,NEW,ADP000,ThinkPad T14 14  Gen 5 i5  -Core CPU  -Core GPU 16GB RAM 256GB SSD,i5, , ,16,256,,INCLUDED,,SHIPPED,Singapore
183,PC,ThinkPad T14 14  Gen 5,183,25-Jul-24,EN,PF50JVRD,,ThinkPad T14,COMPLETED,Wise,NEW,ADP000,ThinkPad T14 14  Gen 5 i5  -Core CPU  -Core GPU 16GB RAM 256GB SSD,i5, , ,16,256,,INCLUDED,,SHIPPED,Singapore
184,PC,ThinkPad T14 14  Gen 5,184,25-Jul-24,EN,PF50JVQL,,ThinkPad T14,COMPLETED,Wise,NEW,ADP000,ThinkPad T14 14  Gen 5 i5  -Core CPU  -Core GPU 16GB RAM 256GB SSD,i5, , ,16,256,,INCLUDED,,SHIPPED,Singapore
185,PC,ThinkPad T14 14  Gen 5,185,25-Jul-24,EN,PF50JVSH,,ThinkPad T14,COMPLETED,Wise,NEW,ADP000,ThinkPad T14 14  Gen 5 i5  -Core CPU  -Core GPU 16GB RAM 256GB SSD,i5, , ,16,256,,INCLUDED,,SHIPPED,Singapore
186,PC,ThinkPad T14 14  Gen 5,186,25-Jul-24,EN,PF50JXXX,,ThinkPad T14,COMPLETED,Wise,NEW,ADP000,ThinkPad T14 14  Gen 5 i5  -Core CPU  -Core GPU 16GB RAM 256GB SSD,i5, , ,16,256,,INCLUDED,,SHIPPED,Singapore
188,APPLE,MacBook Pro 16  Apple,188,22-Jul-24,EN,FMW76JLK9T,,A2991,COMPLETED,Abnormal Security,NEW,ADP000,MacBook Pro 16  Apple M3 MAX 14-Core CPU 30-Core GPU 36GB RAM 1024GB SSD,M3 MAX,14,30,36,1024,,INCLUDED,,SHIPPED,Singapore
192,APPLE,MacBook Pro 14  Apple,192,11-Apr-24,EN,SYC629CLQ6M,,A2442,COMPLETED,Uipath,NEW,ADP000,MacBook Pro 14  Apple M3 Pro 11-Core CPU 14-Core GPU 16GB RAM 512GB SSD,M3 Pro,11,14,16,512,,INCLUDED,,SHIPPED,Singapore
193,APPLE,MacBook Pro 16  Apple,193,15-Aug-24,EN,SMQ6N20DH3W,,A2991,COMPLETED,Abnormal Security,NEW,ADP000,MacBook Pro 16  Apple M3 PRO 12-Core CPU 18-Core GPU 36GB RAM 512GB SSD,M3 PRO,12,18,36,512,,INCLUDED,,SHIPPED,Singapore
195,APPLE,MacBook Air 13  Apple,195,10-Aug-24,EN,SMVP4RV614N,,A2681,COMPLETED,Wise,NEW,ADP000,MacBook Air 13  Apple M2 8-Core CPU 8-Core GPU 8GB RAM 256GB SSD,M2,8,8,8,256,,INCLUDED,,SHIPPED,Singapore
198,APPLE,MacBook Air 13  Apple,198,10-Aug-24,EN,SKXRFGJV2KJ,,A2681,COMPLETED,Wise,NEW,ADP000,MacBook Air 13  Apple M2 8-Core CPU 8-Core GPU 8GB RAM 256GB SSD,M2,8,8,8,256,,INCLUDED,,SHIPPED,Singapore
199,APPLE,MacBook Pro 14  Apple,199,25-Sep-24,EN,SGYV9ML4N4T,,A2992,COMPLETED,Braze,NEW,ADP000,MacBook Pro 14  Apple  M3 11-Core CPU 14-Core GPU 18GB RAM 512GB SSD, M3,11,14,18,512,,INCLUDED,,SHIPPED,Singapore
201,APPLE,MacBook Pro 14  Apple,201,30-Sep-24,EN,SH474Q1YHX2,,A2992,COMPLETED,Braze,NEW,ADP000,MacBook Pro 14  Apple  M3 11-Core CPU 14-Core GPU 18GB RAM 512GB SSD, M3,11,14,18,512,,INCLUDED,,SHIPPED,Singapore
202,APPLE,MacBook Pro 14  Apple,202,30-Sep-24,EN,SGL71VXWT3Y,,A2992,COMPLETED,Braze,NEW,ADP000,MacBook Pro 14  Apple  M3 11-Core CPU 14-Core GPU 18GB RAM 512GB SSD, M3,11,14,18,512,,INCLUDED,,SHIPPED,Singapore
203,APPLE,MacBook Air 13  Apple,203,30-Sep-24,EN,SK67KN2FQNQ,,A2681,COMPLETED,Wise,NEW,ADP000,MacBook Air 13  Apple M2 8-Core CPU 8-Core GPU 8GB RAM 256GB SSD,M2,8,8,8,256,,INCLUDED,,SHIPPED,Singapore
204,APPLE,MacBook Air 13  Apple,204,30-Sep-24,EN,SLXWM6QT43N,,A2681,COMPLETED,Wise,NEW,ADP000,MacBook Air 13  Apple M2 8-Core CPU 8-Core GPU 8GB RAM 256GB SSD,M2,8,8,8,256,,INCLUDED,,SHIPPED,Singapore
206,APPLE,MacBook Air 13  Apple,206,30-Sep-24,EN,SD46P91L429,,A2681,COMPLETED,Wise,NEW,ADP000,MacBook Air 13  Apple M2 8-Core CPU 8-Core GPU 8GB RAM 256GB SSD,M2,8,8,8,256,,INCLUDED,,SHIPPED,Singapore
209,APPLE,MacBook Air 13  Apple,209,30-Sep-24,EN,SF97X7V9XLK,,A2681,COMPLETED,Wise,NEW,ADP000,MacBook Air 13  Apple M3 8-Core CPU 8-Core GPU 8GB RAM 256GB SSD,M3,8,8,8,256,,INCLUDED,,SHIPPED,Singapore
210,APPLE,MacBook Air 13  Apple,210,30-Sep-24,EN,SKHFHPG2F69,,A2681,COMPLETED,Wise,NEW,ADP000,MacBook Air 13  Apple M3 8-Core CPU 8-Core GPU 8GB RAM 256GB SSD,M3,8,8,8,256,,INCLUDED,,SHIPPED,Singapore
211,APPLE,MacBook Air 13  Apple,211,07-Oct-24,EN,SC7KJPV2TG6,,A2681,COMPLETED,Wise,NEW,ADP000,MacBook Air 13  Apple M2 8-Core CPU 8-Core GPU 8GB RAM 256GB SSD,M2,8,8,8,256,,INCLUDED,,SHIPPED,Singapore
212,APPLE,MacBook Air 13  Apple,212,07-Oct-24,EN,SCF3QK1Q0MP,,A2681,COMPLETED,Wise,NEW,ADP000,MacBook Air 13  Apple M2 8-Core CPU 8-Core GPU 8GB RAM 256GB SSD,M2,8,8,8,256,,INCLUDED,,SHIPPED,Singapore
213,APPLE,MacBook Air 13  Apple,213,07-Oct-24,EN,SGP1WLWFY10,,A2681,COMPLETED,Wise,NEW,ADP000,MacBook Air 13  Apple M2 8-Core CPU 8-Core GPU 8GB RAM 256GB SSD,M2,8,8,8,256,,INCLUDED,,SHIPPED,Singapore
214,APPLE,MacBook Air 13  Apple,214,07-Oct-24,EN,SK3YW52MHF6,,A2681,COMPLETED,Wise,NEW,ADP000,MacBook Air 13  Apple M2 8-Core CPU 8-Core GPU 8GB RAM 256GB SSD,M2,8,8,8,256,,INCLUDED,,SHIPPED,Singapore
215,APPLE,MacBook Air 13  Apple,215,07-Oct-24,EN,SGDY32439YF,,A2681,COMPLETED,Wise,NEW,ADP000,MacBook Air 13  Apple M2 8-Core CPU 8-Core GPU 8GB RAM 256GB SSD,M2,8,8,8,256,,INCLUDED,,SHIPPED,Singapore
216,APPLE,MacBook Air 13  Apple,216,27-Aug-24,EN,SL2L7KF07TC,,A2681,COMPLETED,Wise,NEW,ADP000,MacBook Air 13  Apple M2 8-Core CPU 8-Core GPU 8GB RAM 256GB SSD,M2,8,8,8,256,,INCLUDED,,SHIPPED,Singapore
218,APPLE,MacBook Pro 14  Apple,218,21-Oct-24,EN,SKJW2CP4DH3,,A2992,COMPLETED,Wise,NEW,ADP000,MacBook Pro 14  Apple M2 8-Core CPU 8-Core GPU 8GB RAM 256GB SSD,M2,8,8,8,256,,INCLUDED,,SHIPPED,Singapore
219,APPLE,MacBook Air 13  Apple,219,11-Oct-24,EN,SLYW6K04992,,A2681,COMPLETED,Wise,NEW,ADP000,MacBook Air 13  Apple M2 8-Core CPU 8-Core GPU 8GB RAM 256GB SSD,M2,8,8,8,256,,INCLUDED,,SHIPPED,Singapore
220,APPLE,MacBook Air 13  Apple,220,11-Oct-24,EN,SG240YGK21Y,,A2681,COMPLETED,Wise,NEW,ADP000,MacBook Air 13  Apple M2 8-Core CPU 8-Core GPU 8GB RAM 256GB SSD,M2,8,8,8,256,,INCLUDED,,SHIPPED,Singapore
221,APPLE,MacBook Air 13  Apple,221,11-Oct-24,EN,SMHVQPQY4H0,,A2681,COMPLETED,Wise,NEW,ADP000,MacBook Air 13  Apple M2 8-Core CPU 8-Core GPU 8GB RAM 256GB SSD,M2,8,8,8,256,,INCLUDED,,SHIPPED,Singapore
222,APPLE,MacBook Air 13  Apple,222,11-Oct-24,EN,SDV675NYJ6T,,A2681,COMPLETED,Wise,NEW,ADP000,MacBook Air 13  Apple M2 8-Core CPU 8-Core GPU 8GB RAM 256GB SSD,M2,8,8,8,256,,INCLUDED,,SHIPPED,Singapore
223,APPLE,MacBook Air 13  Apple,223,11-Oct-24,EN,SKMGX25JL2N,,A2681,COMPLETED,Wise,NEW,ADP000,MacBook Air 13  Apple M2 8-Core CPU 8-Core GPU 8GB RAM 256GB SSD,M2,8,8,8,256,,INCLUDED,,SHIPPED,Singapore
227,PC,ThinkPad T14 14  Gen 5,227,14-Oct-24,EN,SPF52F5ZE,,ThinkPad T14,COMPLETED,Wise,NEW,ADP000,ThinkPad T14 14  Gen 5 Ultra 5 135U  -Core CPU -Core GPU 16GB RAM 256GB SSD,Ultra 5 135U, ,,16,256,,INCLUDED,,SHIPPED,Singapore
228,PC,ThinkPad T14 14  Gen 5,228,14-Oct-24,EN,SPF52HCFR,,ThinkPad T14,COMPLETED,Wise,NEW,ADP000,ThinkPad T14 14  Gen 5 Ultra 5 135U  -Core CPU -Core GPU 16GB RAM 256GB SSD,Ultra 5 135U, ,,16,256,,INCLUDED,,SHIPPED,Singapore
229,PC,ThinkPad T14 14  Gen 5,229,14-Oct-24,EN,SPF52F60C,,ThinkPad T14,COMPLETED,Wise,NEW,ADP000,ThinkPad T14 14  Gen 5 Ultra 5 135U  -Core CPU -Core GPU 16GB RAM 256GB SSD,Ultra 5 135U, ,,16,256,,INCLUDED,,SHIPPED,Singapore
230,PC,ThinkPad T14 14  Gen 5,230,14-Oct-24,EN,SPF52F5ZP,,ThinkPad T14,COMPLETED,Wise,NEW,ADP000,ThinkPad T14 14  Gen 5 Ultra 5 135U  -Core CPU -Core GPU 16GB RAM 256GB SSD,Ultra 5 135U, ,,16,256,,INCLUDED,,SHIPPED,Singapore
231,PC,ThinkPad T14 14  Gen 5,231,14-Oct-24,EN,SPF52F5ZZ,,ThinkPad T14,COMPLETED,Wise,NEW,ADP000,ThinkPad T14 14  Gen 5 Ultra 5 135U  -Core CPU -Core GPU 16GB RAM 256GB SSD,Ultra 5 135U, ,,16,256,,INCLUDED,,SHIPPED,Singapore
232,PC,ThinkPad T14 14  Gen 5,232,14-Oct-24,EN,SPF52F611,,ThinkPad T14,COMPLETED,Wise,NEW,ADP000,ThinkPad T14 14  Gen 5 Ultra 5 135U  -Core CPU -Core GPU 16GB RAM 256GB SSD,Ultra 5 135U, ,,16,256,,INCLUDED,,SHIPPED,Singapore
233,APPLE,MacBook Pro 16  Apple,233,15-Aug-24,EN,SD93QDP9DQ6,,A2991,COMPLETED,Abnormal Security,NEW,ADP000,MacBook Pro 16  Apple M3PRO 12-Core CPU 18-Core GPU 36GB RAM 512GB SSD,M3PRO,12,18,36,512,,INCLUDED,,SHIPPED,Singapore
234,APPLE,MacBook Pro 16  Apple,234,15-Aug-24,EN,SJLWFT6PL6Q,,A2991,COMPLETED,Abnormal Security,NEW,ADP000,MacBook Pro 16  Apple M3PRO 12-Core CPU 18-Core GPU 36GB RAM 512GB SSD,M3PRO,12,18,36,512,,INCLUDED,,SHIPPED,Singapore
235,APPLE,MacBook Pro 16  Apple,235,,EN,SLVVVHG3J6K,,A2991,COMPLETED,Abnormal Security,NEW,ADP000,MacBook Pro 16  Apple M3PRO 12-Core CPU 18-Core GPU 36GB RAM 512GB SSD,M3PRO,12,18,36,512,,INCLUDED,,SHIPPED,Singapore
237,PC,ThinkPad T14 14  Gen 5,237,15-Oct-24,EN,SPF52HCCR,,ThinkPad T14,COMPLETED,Wise,NEW,ADP000,ThinkPad T14 14  Gen 5 Ultra 5 135U   -Core CPU -Core GPU 16GB RAM 256GB SSD,Ultra 5 135U , ,,16,256,,INCLUDED,,SHIPPED,Singapore
238,PC,ThinkPad T14 14  Gen 5,238,15-Oct-24,EN,SPF52HARV,,ThinkPad T14,COMPLETED,Wise,NEW,ADP000,ThinkPad T14 14  Gen 5 Ultra 5 135U  -Core CPU -Core GPU 16GB RAM 256GB SSD,Ultra 5 135U, ,,16,256,,INCLUDED,,SHIPPED,Singapore
239,PC,ThinkPad T14 14  Gen 5,239,15-Oct-24,EN,SPF52HCGN,,ThinkPad T14,COMPLETED,Wise,NEW,ADP000,ThinkPad T14 14  Gen 5 Ultra 5 135U  -Core CPU -Core GPU 16GB RAM 256GB SSD,Ultra 5 135U, ,,16,256,,INCLUDED,,SHIPPED,Singapore
241,PC,ThinkPad T14 14  Gen 5,241,15-Oct-24,EN,SPF52HAQF,,ThinkPad T14,COMPLETED,Wise,NEW,ADP000,ThinkPad T14 14  Gen 5 Ultra 5 135U  -Core CPU -Core GPU 16GB RAM 256GB SSD,Ultra 5 135U, ,,16,256,,INCLUDED,,SHIPPED,Singapore
242,PC,ThinkPad T14 14  Gen 5,242,15-Oct-24,EN,SPF52HCF0,,ThinkPad T14,COMPLETED,Wise,NEW,ADP000,ThinkPad T14 14  Gen 5 Ultra 5 135U  -Core CPU -Core GPU 16GB RAM 256GB SSD,Ultra 5 135U, ,,16,256,,INCLUDED,,SHIPPED,Singapore
243,PC,ThinkPad T14 14  Gen 5,243,16-Oct-24,EN,SPF52EFH1,,ThinkPad T14,COMPLETED,Wise,NEW,ADP000,ThinkPad T14 14  Gen 5 Ultra 5 135U  -Core CPU -Core GPU 16GB RAM 256GB SSD,Ultra 5 135U, ,,16,256,,INCLUDED,,SHIPPED,Singapore
248,PC,ThinkPad T14 14  Gen 5,248,30-Oct-24,EN,SPF584TSN,,ThinkPad T14,COMPLETED,Wise,NEW,ADP000,ThinkPad T14 14  Gen 5 Ultra 5 135U  -Core CPU -Core GPU 16GB RAM 256GB SSD,Ultra 5 135U, ,,16,256,,INCLUDED,,SHIPPED,Singapore
249,PC,ThinkPad T14 14  Gen 5,249,30-Oct-24,EN,SPF584TT2,,ThinkPad T14,COMPLETED,Wise,NEW,ADP000,ThinkPad T14 14  Gen 5 Ultra 5 135U  -Core CPU -Core GPU 16GB RAM 256GB SSD,Ultra 5 135U, ,,16,256,,INCLUDED,,SHIPPED,Singapore
249,PC,ThinkPad T14 14  Gen 5,250,05-Nov-24,EN,PF502TAX,,ThinkPad T14,COMPLETED,Wise,NEW,NA,ThinkPad T14 14  Gen 5 Ultra 5 135U  -Core CPU  -Core GPU 16GB RAM 256GB SSD,Ultra 5 135U, , ,16,256,,,,SHIPPED,Singapore
,PC,ThinkPad T14 14  Gen 5,251,,EN,SPF56QC0E,,ThinkPad T14,COMPLETED,Wise,NEW,NA,ThinkPad T14 14  Gen 5 Ultra 5 135U  -Core CPU  -Core GPU 16GB RAM 256GB SSD,Ultra 5 135U, , ,16,256,,,,SHIPPED,Singapore
,PC,ThinkPad T14 14  Gen 5,252,,EN,SPF56QC0P,,ThinkPad T14,COMPLETED,Wise,NEW,NA,ThinkPad T14 14  Gen 5 Ultra 5 135U  -Core CPU  -Core GPU 16GB RAM 256GB SSD,Ultra 5 135U, , ,16,256,,,,SHIPPED,Singapore
,PC,ThinkPad T14 14  Gen 5,253,,EN,SPF56QC17,,ThinkPad T14,COMPLETED,Wise,NEW,NA,ThinkPad T14 14  Gen 5 Ultra 5 135U  -Core CPU  -Core GPU 16GB RAM 256GB SSD,Ultra 5 135U, , ,16,256,,,,SHIPPED,Singapore
,PC,ThinkPad T14 14  Gen 5,254,,EN,SPF56QC1Q,,ThinkPad T14,COMPLETED,Wise,NEW,NA,ThinkPad T14 14  Gen 5 Ultra 5 135U  -Core CPU  -Core GPU 16GB RAM 256GB SSD,Ultra 5 135U, , ,16,256,,,,SHIPPED,Singapore
,PC,ThinkPad T14 14  Gen 5,255,,EN,SDKWR50QY4P,,ThinkPad T14,COMPLETED,Wise,NEW,NA,ThinkPad T14-,,,,,,,,,SHIPPED,Singapore
,APPLE,MacBook Pro 14  Apple,265,25-Nov-24,EN,MQ07VND6WW,,A2992,COMPLETED,Braze,NEW,ADP000,MacBook Pro 14  Apple M3 11-Core CPU 14-Core GPU 18GB RAM 512GB SSD,M3,11,14,18,512,,INCLUDED,,SHIPPED,Singapore
,APPLE,MacBook Air 13  Apple,275,28-Nov-24,EN,SLYCTX90YXM,,A2681,COMPLETED,Wise,NEW,ADP000,MacBook Air 13  Apple M2 8-Core CPU 8-Core GPU 16GB RAM 256GB SSD,M2,8,8,16,256,,INCLUDED,,SHIPPED,Singapore
,APPLE,MacBook Air 13  Apple,277,28-Nov-24,EN,SJQQ91WHD4X,,A2681,COMPLETED,Wise,NEW,ADP000,MacBook Air 13  Apple M2 8-Core CPU 8-Core GPU 16GB RAM 256GB SSD,M2,8,8,16,256,,INCLUDED,,SHIPPED,Singapore
,APPLE,MacBook Air 13  Apple,280,28-Nov-24,EN,SFY4GYV40YV,,A2681,COMPLETED,Wise,NEW,ADP000,MacBook Air 13  Apple M2 8-Core CPU 8-Core GPU 16GB RAM 256GB SSD,M2,8,8,16,256,,INCLUDED,,SHIPPED,Singapore
,PC,ThinkPad T14 14  Gen 5,F8.308,23-Dec-24,EN,SPF5DRV7E,,ThinkPad T14,COMPLETED,Wise,NEW,ADP000,ThinkPad T14 14  Gen 5 i5  -Core CPU  -Core GPU 16GB RAM 256GB SSD,i5, , ,16,256,,INCLUDED,,IN STOCK,Singapore
,PC,ThinkPad T14 14  Gen 5,F8.315,23-Dec-24,EN,SPF5DRXGC,,ThinkPad T14,COMPLETED,Wise,NEW,ADP000,ThinkPad T14 14  Gen 5 i5  -Core CPU  -Core GPU 16GB RAM 256GB SSD,i5, , ,16,256,,INCLUDED,,IN STOCK,Singapore
,PC,ThinkPad T14 14  Gen 5,F8.318,23-Dec-24,EN,SPF5DRXFW,,ThinkPad T14,COMPLETED,Wise,NEW,ADP000,ThinkPad T14 14  Gen 5 i5  -Core CPU  -Core GPU 16GB RAM 256GB SSD,i5, , ,16,256,,INCLUDED,,IN STOCK,Singapore
,PC,ThinkPad T14 14  Gen 5,F8.323,23-Dec-24,EN,SPF5DTPHG,,ThinkPad T14,COMPLETED,Wise,NEW,ADP000,ThinkPad T14 14  Gen 5 i5  -Core CPU  -Core GPU 16GB RAM 256GB SSD,i5, , ,16,256,,INCLUDED,,SHIPPED,Singapore
187,PC,Lenovo ThinkPad P1 Gen 6,B1.187,29-May-24,EN,PW0BF7EM,,21FV001PUS,COMPLETED,LastPass,NEW,ADP000,Lenovo ThinkPad P1 Gen 6 i7-13800H vPro   -Core CPU  -Core GPU 32GB RAM 512GB SSD,i7-13800H vPro , , ,32,512,,INCLUDED,,IN STOCK,Singapore
194,APPLE,MacBook Pro 16  Apple,B1.194,15-Aug-24,EN,SMYFYYXTV59,,A2991,COMPLETED,Abnormal Security,NEW,ADP000,MacBook Pro 16  Apple M3PRO 12-Core CPU 18-Core GPU 36GB RAM 512GB SSD,M3PRO,12,18,36,512,,INCLUDED,,SHIPPED,Singapore
244,APPLE,MacBook Pro 16  Apple,B1.244,22-Oct-24,EN,SGQG5047034,,A2991,COMPLETED,Abnormal Security,NEW,ADP000,MacBook Pro 16  Apple M3 Max 14-Core CPU 30-Core GPU 36GB RAM 1024GB SSD,M3 Max,14,30,36,1024,,INCLUDED,,IN STOCK,Singapore
,APPLE,MacBook Air 13  Apple,B1.341,03-Jan-25,EN,SFRFXVRP9KG,,A2681,COMPLETED,Wise,NEW,ADP000,MacBook Air 13  Apple M4 8-Core CPU 8-Core GPU 16GB RAM 256GB SSD,M4,8,8,16,256,,,,IN STOCK,Singapore
,APPLE,MacBook Air 13  Apple,B1.342,13-Jan-25,EN,SM9N92KW26C,,A2681,COMPLETED,Wise,NEW,ADP000,MacBook Air 13  Apple M4 8-Core CPU 8-Core GPU 16GB RAM 256GB SSD,M4,8,8,16,256,,,,IN STOCK,Singapore
,APPLE,MacBook Air 13  Apple,B1.343,13-Jan-25,EN,SJK034D073D,,A2681,COMPLETED,Wise,NEW,ADP000,MacBook Air 13  Apple M4 8-Core CPU 8-Core GPU 16GB RAM 256GB SSD,M4,8,8,16,256,,,,IN STOCK,Singapore
,APPLE,MacBook Air 13  Apple,B1.344,13-Jan-25,EN,SJNJ7H3YRXY,,A2681,COMPLETED,Wise,NEW,ADP000,MacBook Air 13  Apple M4 8-Core CPU 8-Core GPU 16GB RAM 256GB SSD,M4,8,8,16,256,,,,IN STOCK,Singapore
,APPLE,MacBook Air 13  Apple,B1.345,13-Jan-25,EN,SD2T72L4M9C,,A2681,COMPLETED,Wise,NEW,ADP000,MacBook Air 13  Apple M4 8-Core CPU 8-Core GPU 16GB RAM 256GB SSD,M4,8,8,16,256,,,,IN STOCK,Singapore
,APPLE,MacBook Air 13  Apple,B1.346,13-Jan-25,EN,SF7QTK43XHY,,A2681,COMPLETED,Wise,NEW,ADP000,MacBook Air 13  Apple M4 8-Core CPU 8-Core GPU 16GB RAM 256GB SSD,M4,8,8,16,256,,,,IN STOCK,Singapore
,APPLE,MacBook Air 13  Apple,B1.347,13-Jan-25,EN,SLXN4CY9QT3,,A2681,COMPLETED,Wise,NEW,ADP000,MacBook Air 13  Apple M4 8-Core CPU 8-Core GPU 16GB RAM 256GB SSD,M4,8,8,16,256,,,,SHIPPED,Singapore
,APPLE,MacBook Air 13  Apple,B1.348,13-Jan-25,EN,SCR6P7KQ1C7,,A2681,COMPLETED,Wise,NEW,ADP000,MacBook Air 13  Apple M4 8-Core CPU 8-Core GPU 16GB RAM 256GB SSD,M4,8,8,16,256,,,,IN STOCK,Singapore
,APPLE,MacBook Air 13  Apple,B1.349,13-Jan-25,EN,SHCJ4XFQC56,,A2681,COMPLETED,Wise,NEW,ADP000,MacBook Air 13  Apple M4 8-Core CPU 8-Core GPU 16GB RAM 256GB SSD,M4,8,8,16,256,,,,IN STOCK,Singapore
,APPLE,MacBook Air 13  Apple,B1.350,13-Jan-25,EN,SL9HTJ3QNVK,,A2681,COMPLETED,Wise,NEW,ADP000,MacBook Air 13  Apple M4 8-Core CPU 8-Core GPU 16GB RAM 256GB SSD,M4,8,8,16,256,,,,IN STOCK,Singapore
58,APPLE,MacBook Air 13  Apple,B1.58,25-Jul-24,EN,SJ6R1FW376H,,A2681,COMPLETED,Wise,NEW,ADP000,MacBook Air 13  Apple M2 8-Core CPU 8-Core GPU 8GB RAM 256GB SSD,M2,8,8,8,256,,INCLUDED,,IN STOCK,Singapore
60,APPLE,MacBook Air 13  Apple,B1.60,25-Jul-24,EN,SC3H77K2H7D,,A2681,COMPLETED,Wise,NEW,ADP000,MacBook Air 13  Apple M2 8-Core CPU 8-Core GPU 8GB RAM 256GB SSD,M2,8,8,8,256,,INCLUDED,,SHIPPED,Singapore
62,APPLE,MacBook Air 13  Apple,B1.62,25-Jul-24,EN,SH70T6FMGFV,,A2681,COMPLETED,Wise,NEW,ADP000,MacBook Air 13  Apple M2 8-Core CPU 8-Core GPU 8GB RAM 256GB SSD,M2,8,8,8,256,,INCLUDED,,SHIPPED,Singapore
122,APPLE,MacBook Air 13  Apple,B2.122,25-Jul-24,EN,SF7X7J37Q09,,A2337,COMPLETED,Wise,NEW,ADP000,MacBook Air 13  Apple M2 8-Core CPU 8-Core GPU 8GB RAM 256GB SSD,M2,8,8,8,256,,INCLUDED,,SHIPPED,Singapore
123,APPLE,MacBook Air 13  Apple,B2.123,10-Jun-24,EN,SN5VFYVK125,,A3113,COMPLETED,SUI Foundation,NEW,ADP000,MacBook Air 13  Apple M3 8-Core CPU 12-Core GPU 8GB RAM 512GB SSD,M3,8,12,8,512,,INCLUDED,,IN STOCK,Singapore
124,PC,ThinkPad X1 Carbon Gen 9 ,B2.124,08-Apr-24,EN,PF3T87VQ,,X1 CARBON GEN 9,COMPLETED,Uipath,NEW,ADP000,ThinkPad X1 Carbon Gen 9  i7-1165G7   -Core CPU  -Core GPU 16GB RAM 512GB SSD,i7-1165G7 , , ,16,512,,INCLUDED,,IN STOCK,Singapore
125,PC,ThinkPad X1 Carbon Gen 9 ,B2.125,08-Apr-24,EN,PF3T80VQ,,X1 CARBON GEN 9,COMPLETED,Uipath,NEW,ADP000,ThinkPad X1 Carbon Gen 9  i7-1165G7   -Core CPU  -Core GPU 16GB RAM 512GB SSD,i7-1165G7 , , ,16,512,,INCLUDED,,IN STOCK,Singapore
126,PC,ThinkPad X1 Carbon Gen 9 ,B2.126,08-Apr-24,EN,PF3T80S6,,X1 CARBON GEN 9,COMPLETED,Uipath,NEW,ADP000,ThinkPad X1 Carbon Gen 9  i7-1165G7   -Core CPU  -Core GPU 16GB RAM 512GB SSD,i7-1165G7 , , ,16,512,,INCLUDED,,IN STOCK,Singapore
,APPLE,MacBook Air 13  Apple,B2.278,28-Nov-24,EN,SCJ72JTXV0M,,A2681,COMPLETED,Wise,NEW,ADP000,MacBook Air 13  Apple M2 8-Core CPU 8-Core GPU 16GB RAM 256GB SSD,M2,8,8,16,256,,INCLUDED,,IN STOCK,Singapore
,APPLE,MacBook Air 13  Apple,B2.279,28-Nov-24,EN,SC36RQFPH7G,,A2681,COMPLETED,Wise,NEW,ADP000,MacBook Air 13  Apple M2 8-Core CPU 8-Core GPU 16GB RAM 256GB SSD,M2,8,8,16,256,,INCLUDED,,IN STOCK,Singapore
,APPLE,MacBook Pro 16-inch ,B2.288,17-Dec-24,EN,sj1wdwqy72l,,A3403,COMPLETED,Wise,NEW,ADP000,,,,,,,,INCLUDED,,IN STOCK,Singapore
,APPLE,MacBook Pro 16-inch ,B2.289,17-Dec-24,EN,sfy3c96tkvh,,A3403,COMPLETED,Wise,NEW,ADP000,,M2,,,,,,INCLUDED,,IN STOCK,Singapore
,APPLE,MacBook Air 13  Apple,B3.266,28-Nov-24,EN,SGKN6K4RM96,,A2681,COMPLETED,Wise,NEW,ADP000,MacBook Air 13  Apple M2 8-Core CPU 8-Core GPU 16GB RAM 256GB SSD,M2,8,8,16,256,,INCLUDED,,IN STOCK,Singapore
,APPLE,MacBook Air 13  Apple,B3.267,28-Nov-24,EN,SGV6H2RHWF3,,A2681,COMPLETED,Wise,NEW,ADP000,MacBook Air 13  Apple M2 8-Core CPU 8-Core GPU 16GB RAM 256GB SSD,M2,8,8,16,256,,INCLUDED,,IN STOCK,Singapore
,APPLE,MacBook Air 13  Apple,B3.268,28-Nov-24,EN,ST4Y64MPCGG,,A2681,COMPLETED,Wise,NEW,ADP000,MacBook Air 13  Apple M2 8-Core CPU 8-Core GPU 16GB RAM 256GB SSD,M2,8,8,16,256,,INCLUDED,,SHIPPED,Singapore
,APPLE,MacBook Air 13  Apple,B3.269,28-Nov-24,EN,SH5XQ2QG234,,A2681,COMPLETED,Wise,NEW,ADP000,MacBook Air 13  Apple M2 8-Core CPU 8-Core GPU 16GB RAM 256GB SSD,M2,8,8,16,256,,INCLUDED,,IN STOCK,Singapore
,APPLE,MacBook Air 13  Apple,B3.270,28-Nov-24,EN,SGG6PM612FC,,A2681,COMPLETED,Wise,NEW,ADP000,MacBook Air 13  Apple M2 8-Core CPU 8-Core GPU 16GB RAM 256GB SSD,M2,8,8,16,256,,INCLUDED,,IN STOCK,Singapore
,APPLE,MacBook Air 13  Apple,B3.271,28-Nov-24,EN,SLTXG6J093D,,A2681,COMPLETED,Wise,NEW,ADP000,MacBook Air 13  Apple M2 8-Core CPU 8-Core GPU 16GB RAM 256GB SSD,M2,8,8,16,256,,INCLUDED,,IN STOCK,Singapore
,APPLE,MacBook Air 13  Apple,B3.272,28-Nov-24,EN,SMX2JCR6HQ9,,A2681,COMPLETED,Wise,NEW,ADP000,MacBook Air 13  Apple M2 8-Core CPU 8-Core GPU 16GB RAM 256GB SSD,M2,8,8,16,256,,INCLUDED,,IN STOCK,Singapore
,APPLE,MacBook Air 13  Apple,B3.273,28-Nov-24,EN,SH125T9GQP5,,A2681,COMPLETED,Wise,NEW,ADP000,MacBook Air 13  Apple M2 8-Core CPU 8-Core GPU 16GB RAM 256GB SSD,M2,8,8,16,256,,INCLUDED,,IN STOCK,Singapore
,APPLE,MacBook Air 13  Apple,B3.274,28-Nov-24,EN,SKQF293H9MN,,A2681,COMPLETED,Wise,NEW,ADP000,MacBook Air 13  Apple M2 8-Core CPU 8-Core GPU 16GB RAM 256GB SSD,M2,8,8,16,256,,INCLUDED,,SHIPPED,Singapore
,APPLE,MacBook Air 13  Apple,B3.276,28-Nov-24,EN,SGPC6XL9J4J,,A2681,COMPLETED,Wise,NEW,ADP000,MacBook Air 13  Apple M2 8-Core CPU 8-Core GPU 16GB RAM 256GB SSD,M2,8,8,16,256,,INCLUDED,,IN STOCK,Singapore
,PC,ThinkPad T14 14  Gen 5,B4.299,23-Dec-24,EN,SPF5DRV8P,,ThinkPad T14,COMPLETED,Wise,NEW,ADP000,ThinkPad T14 14  Gen 5 i5  -Core CPU  -Core GPU 16GB RAM 256GB SSD,i5, , ,16,256,,INCLUDED,,SHIPPED,Singapore
,PC,ThinkPad T14 14  Gen 5,B4.300,23-Dec-24,EN,SPF5DRV7T,,ThinkPad T14,COMPLETED,Wise,NEW,ADP000,ThinkPad T14 14  Gen 5 i5  -Core CPU  -Core GPU 16GB RAM 256GB SSD,i5, , ,16,256,,INCLUDED,,IN STOCK,Singapore
,PC,ThinkPad T14 14  Gen 5,B4.301,23-Dec-24,EN,SPF5DRV87,,ThinkPad T14,COMPLETED,Wise,NEW,ADP000,ThinkPad T14 14  Gen 5 i5  -Core CPU  -Core GPU 16GB RAM 256GB SSD,i5, , ,16,256,,INCLUDED,,SHIPPED,Singapore
,PC,ThinkPad T14 14  Gen 5,B4.302,23-Dec-24,EN,SPF5DVBXR,,ThinkPad T14,COMPLETED,Wise,NEW,ADP000,ThinkPad T14 14  Gen 5 i5  -Core CPU  -Core GPU 16GB RAM 256GB SSD,i5, , ,16,256,,INCLUDED,,SHIPPED,Singapore
,PC,ThinkPad T14 14  Gen 5,B4.303,23-Dec-24,EN,SPF5DRV6B,,ThinkPad T14,COMPLETED,Wise,NEW,ADP000,ThinkPad T14 14  Gen 5 i5  -Core CPU  -Core GPU 16GB RAM 256GB SSD,i5, , ,16,256,,INCLUDED,,IN STOCK,Singapore
,PC,ThinkPad T14 14  Gen 5,B4.304,23-Dec-24,EN,SPF5DVBVT,,ThinkPad T14,COMPLETED,Wise,NEW,ADP000,ThinkPad T14 14  Gen 5 i5  -Core CPU  -Core GPU 16GB RAM 256GB SSD,i5, , ,16,256,,INCLUDED,,IN STOCK,Singapore
,PC,ThinkPad T14 14  Gen 5,B4.305,23-Dec-24,EN,SPF5DRXEB,,ThinkPad T14,COMPLETED,Wise,NEW,ADP000,ThinkPad T14 14  Gen 5 i5  -Core CPU  -Core GPU 16GB RAM 256GB SSD,i5, , ,16,256,,INCLUDED,,IN STOCK,Singapore
,PC,ThinkPad T14 14  Gen 5,B4.306,23-Dec-24,EN,SPF5DRV5Y,,ThinkPad T14,COMPLETED,Wise,NEW,ADP000,ThinkPad T14 14  Gen 5 i5  -Core CPU  -Core GPU 16GB RAM 256GB SSD,i5, , ,16,256,,INCLUDED,,SHIPPED,Singapore
,PC,ThinkPad T14 14  Gen 5,B4.307,23-Dec-24,EN,SPF5DTPDN,,ThinkPad T14,COMPLETED,Wise,NEW,ADP000,ThinkPad T14 14  Gen 5 i5  -Core CPU  -Core GPU 16GB RAM 256GB SSD,i5, , ,16,256,,INCLUDED,,IN STOCK,Singapore
,PC,ThinkPad T14 14  Gen 5,B4.309,23-Dec-24,EN,SPF5DVBXB,,ThinkPad T14,COMPLETED,Wise,NEW,ADP000,ThinkPad T14 14  Gen 5 i5  -Core CPU  -Core GPU 16GB RAM 256GB SSD,i5, , ,16,256,,INCLUDED,,IN STOCK,Singapore
,PC,ThinkPad T14 14  Gen 5,B4.310,23-Dec-24,EN,SPF5DTPEW,,ThinkPad T14,COMPLETED,Wise,NEW,ADP000,ThinkPad T14 14  Gen 5 i5  -Core CPU  -Core GPU 16GB RAM 256GB SSD,i5, , ,16,256,,INCLUDED,,IN STOCK,Singapore
,PC,ThinkPad T14 14  Gen 5,B4.311,23-Dec-24,EN,SPF5DRV6P,,ThinkPad T14,COMPLETED,Wise,NEW,ADP000,ThinkPad T14 14  Gen 5 i5  -Core CPU  -Core GPU 16GB RAM 256GB SSD,i5, , ,16,256,,INCLUDED,,SHIPPED,Singapore
,PC,ThinkPad T14 14  Gen 5,B4.312,23-Dec-24,EN,SPF5DRXFF,,ThinkPad T14,COMPLETED,Wise,NEW,ADP000,ThinkPad T14 14  Gen 5 i5  -Core CPU  -Core GPU 16GB RAM 256GB SSD,i5, , ,16,256,,INCLUDED,,SHIPPED,Singapore
,PC,ThinkPad T14 14  Gen 5,B4.313,23-Dec-24,EN,SPF5DRXEQ,,ThinkPad T14,COMPLETED,Wise,NEW,ADP000,ThinkPad T14 14  Gen 5 i5  -Core CPU  -Core GPU 16GB RAM 256GB SSD,i5, , ,16,256,,INCLUDED,,IN STOCK,Singapore
,PC,ThinkPad T14 14  Gen 5,B4.330,23-Dec-24,EN,SPF5DVBWY,,ThinkPad T14,COMPLETED,Wise,NEW,ADP000,ThinkPad T14 14  Gen 5 i5  -Core CPU  -Core GPU 16GB RAM 256GB SSD,i5, , ,16,256,,INCLUDED,,IN STOCK,Singapore
31,APPLE,MacBook Air 13  Apple,B5.31,25-Jul-24,EN,SL70G4066LF,,A2337,COMPLETED,Wise,NEW,ADP000,MacBook Air 13  Apple M2 8-Core CPU 8-Core GPU 8GB RAM 256GB SSD,M2,8,8,8,256,,INCLUDED,,SHIPPED,Singapore
35,APPLE,MacBook Air 13  Apple,B5.35,25-Jul-24,EN,SJXGJNPYFPK,,A2337,COMPLETED,Wise,NEW,ADP000,MacBook Air 13  Apple M2 8-Core CPU 8-Core GPU 8GB RAM 256GB SSD,M2,8,8,8,256,,INCLUDED,,IN STOCK,Singapore
36,APPLE,MacBook Air 13  Apple,B5.36,25-Jul-24,EN,SG7QQYLQXDP,,A2337,COMPLETED,Wise,NEW,ADP000,MacBook Air 13  Apple M2 8-Core CPU 8-Core GPU 8GB RAM 256GB SSD,M2,8,8,8,256,,INCLUDED,,IN STOCK,Singapore
,,,,,,,,,,,,,,,,,,,,,,,